ALTER TABLE DEPARTAMENTOS ADD cod_loc CHAR(5) REFERENCES LOCALIZACIONES(COD_LOCALIZACION);
ALTER TABLE DEPARTAMENTOS DROP (COD_LOC);
ALTER TABLE EMPLEADOS DISABLE CONSTRAINT EMPLEADOS_NN4;
ALTER TABLE HISTORIAL ADD salario NUMBER(11,2);

INSERT INTO PUESTOS (COD_PUESTO,TITULO_PUESTO,SALARIO_MIN,SALARIO_MAX) VALUES(1,'Técnico de mantenimiento',800,2100);
INSERT INTO PUESTOS (COD_PUESTO,TITULO_PUESTO,SALARIO_MIN,SALARIO_MAX) VALUES(2,'Auxiliar de mantenimiento',700,1400);
INSERT INTO PUESTOS (COD_PUESTO,TITULO_PUESTO,SALARIO_MIN,SALARIO_MAX) VALUES(3,'Director de mantenimiento',1400,3200);
INSERT INTO PUESTOS (COD_PUESTO,TITULO_PUESTO,SALARIO_MIN,SALARIO_MAX) VALUES(4,'Jefe de producción',1200,2400);
INSERT INTO PUESTOS (COD_PUESTO,TITULO_PUESTO,SALARIO_MIN,SALARIO_MAX) VALUES(5,'Director de marketing',1600,2800);

INSERT INTO DEPARTAMENTOS (COD_DEP,NOMBRE_DEP,COD_RESP,COD_LOC) VALUES(1,'Mantenimiento',NULL,NULL);
INSERT INTO DEPARTAMENTOS (COD_DEP,NOMBRE_DEP,COD_RESP,COD_LOC) VALUES(2,'Marketing',NULL,NULL);
INSERT INTO DEPARTAMENTOS (COD_DEP,NOMBRE_DEP,COD_RESP,COD_LOC) VALUES(3,'Producción',NULL,NULL);


INSERT INTO EMPLEADOS (COD_EMP,NOMBRE,APELLIDO1,APELLIDO2,TELEFONO,DIRECCION,EMAIL,COD_JEFE,COD_DEP) VALUES(3,'María','Crespo','Rodriguez','979105641','C/Marqués 1','maria@empresa.net',NULL,1);
INSERT INTO EMPLEADOS (COD_EMP,NOMBRE,APELLIDO1,APELLIDO2,TELEFONO,DIRECCION,EMAIL,COD_JEFE,COD_DEP) VALUES(1,'Alfonso','Hernandez','Crespo','979101010','C/Los tilos 1',NULL,3,1);
INSERT INTO EMPLEADOS (COD_EMP,NOMBRE,APELLIDO1,APELLIDO2,TELEFONO,DIRECCION,EMAIL,COD_JEFE,COD_DEP) VALUES(2,'Herminia','Salou','Bernet', NULL,'C/Mayor 1','hsb@empresa.net',1,1);
INSERT INTO EMPLEADOS (COD_EMP,NOMBRE,APELLIDO1,APELLIDO2,TELEFONO,DIRECCION,EMAIL,COD_JEFE,COD_DEP) VALUES(4,'Luisa','Fernandez','Calvo','657123456','C/Mayor 1','luisa@empresa.net',NULL,2);
INSERT INTO EMPLEADOS (COD_EMP,NOMBRE,APELLIDO1,APELLIDO2,TELEFONO,DIRECCION,EMAIL,COD_JEFE,COD_DEP) VALUES(5,'Avelino','Gonzalez','Diaz','602666666','C/Tinteros 17','eve@empresa.net',NULL,3);

INSERT INTO HISTORIAL (COD_PUESTO,COD_EMP,FECHA_INICIO,FECHA_FIN,COD_DEP,SALARIO) VALUES(1,1,TO_DATE('02/05/2008','dd/mm/yyyy'),TO_DATE('03/01/2009','dd/mm/yyyy'),1,1300);
INSERT INTO HISTORIAL (COD_PUESTO,COD_EMP,FECHA_INICIO,FECHA_FIN,COD_DEP,SALARIO) VALUES(3,1,TO_DATE('04/01/2009','dd/mm/yyyy'),NULL,1,1800);
INSERT INTO HISTORIAL (COD_PUESTO,COD_EMP,FECHA_INICIO,FECHA_FIN,COD_DEP,SALARIO) VALUES(2,2,TO_DATE('04/05/2008','dd/mm/yyyy'),TO_DATE('4/5/2009','dd/mm/yyyy'),1,1000);
INSERT INTO HISTORIAL (COD_PUESTO,COD_EMP,FECHA_INICIO,FECHA_FIN,COD_DEP,SALARIO) VALUES(1,2,TO_DATE('05/05/2008','dd/mm/yyyy'),NULL,1,1350);
INSERT INTO HISTORIAL (COD_PUESTO,COD_EMP,FECHA_INICIO,FECHA_FIN,COD_DEP,SALARIO) VALUES(3,3,TO_DATE('01/03/2007','dd/mm/yyyy'),NULL,1,3000);
INSERT INTO HISTORIAL (COD_PUESTO,COD_EMP,FECHA_INICIO,FECHA_FIN,COD_DEP,SALARIO) VALUES(5,4,TO_DATE('01/03/2007','dd/mm/yyyy'),NULL,2,2800);
INSERT INTO HISTORIAL (COD_PUESTO,COD_EMP,FECHA_INICIO,FECHA_FIN,COD_DEP,SALARIO) VALUES(4,5,TO_DATE('01/03/2007','dd/mm/yyyy'),NULL,3,1900);



















